{"cameraMode":{"drawMode":0,"name":"Shaded","section":"Shading Mode"},"sceneLighting":true,"audioPlay":false,"sceneViewState":{"showFog":true,"showMaterialUpdate":true,"showSkybox":true,"showFlares":true,"showImageEffects":true,"showParticleSystems":true},"in2DMode":false,"pivot":{"x":330.79058837890627,"y":-635.365966796875,"z":-759.3933715820313},"rotation":{"x":0.04440537467598915,"y":-0.9537515640258789,"z":0.23826617002487184,"w":0.1777273714542389},"size":799.155029296875,"orthographic":false}