{"cameraMode":{"drawMode":0,"name":"Shaded","section":"Shading Mode"},"sceneLighting":false,"audioPlay":false,"sceneViewState":{"showFog":true,"showMaterialUpdate":true,"showSkybox":true,"showFlares":true,"showImageEffects":true,"showParticleSystems":true},"in2DMode":false,"pivot":{"x":547.5639038085938,"y":3.257106304168701,"z":281.74176025390627},"rotation":{"x":0.02814576029777527,"y":-0.04537065699696541,"z":-0.0015804099384695292,"w":-0.9986941814422607},"size":7.9486775398254398,"orthographic":false}