{"cameraMode":{"drawMode":0,"name":"Shaded","section":"Shading Mode"},"sceneLighting":true,"audioPlay":false,"sceneViewState":{"showFog":true,"showMaterialUpdate":true,"showSkybox":true,"showFlares":true,"showImageEffects":true,"showParticleSystems":true},"in2DMode":false,"pivot":{"x":366.2608337402344,"y":9.627006530761719,"z":742.9382934570313},"rotation":{"x":-0.02459367737174034,"y":0.560204029083252,"z":0.01662256568670273,"w":0.8278210163116455},"size":40.51580810546875,"orthographic":false}