{"cameraMode":{"drawMode":0,"name":"Shaded","section":"Shading Mode"},"sceneLighting":false,"audioPlay":false,"sceneViewState":{"showFog":true,"showMaterialUpdate":true,"showSkybox":true,"showFlares":true,"showImageEffects":true,"showParticleSystems":true},"in2DMode":false,"pivot":{"x":567.2044677734375,"y":35.387699127197269,"z":180.19105529785157},"rotation":{"x":0.17380401492118836,"y":-0.49362877011299136,"z":0.10185155272483826,"w":0.8461618423461914},"size":1.4653199911117554,"orthographic":false}