{"cameraMode":{"drawMode":0,"name":"Shaded","section":"Shading Mode"},"sceneLighting":false,"audioPlay":false,"sceneViewState":{"showFog":true,"showMaterialUpdate":true,"showSkybox":true,"showFlares":true,"showImageEffects":true,"showParticleSystems":true},"in2DMode":false,"pivot":{"x":551.6732177734375,"y":9.598569869995118,"z":239.3055419921875},"rotation":{"x":-0.09957218915224076,"y":0.8349588513374329,"z":-0.16144169867038728,"w":-0.5168261528015137},"size":1.4653199911117554,"orthographic":false}